1;Psychiatry;ADHD
2;Psychiatry;Aggression in dementia
3;Psychiatry;Anorexia nervosa
4;Psychiatry;Antidepressants
5;Psychiatry;Autism spectrum disorder
6;Psychiatry;Bipolar disorder
7;Psychiatry;Borderline personality disorder
8;Psychiatry;Bulimia nervosa
9;Psychiatry;Clozapine
10;Psychiatry;Delirium
11;Psychiatry;Delirium vs Dementia
12;Psychiatry;Dementia
13;Psychiatry;Depression
14;Psychiatry;Disruptive mood dysregulation disorder
15;Psychiatry;ECT
16;Psychiatry;Gaming addiction
17;Psychiatry;Generalised anxiety disorder
18;Psychiatry;Involuntary admission
19;Psychiatry;Korsakoff's syndrome
20;Psychiatry;Lithium toxicity
21;Psychiatry;Mental health act
22;Psychiatry;OCD
23;Psychiatry;Oppositional defiant disorder
24;Psychiatry;Organic and non-organic dementia
25;Psychiatry;Organic depression
26;Psychiatry;Panic disorder
27;Psychiatry;Perinatal depression
28;Psychiatry;Psychotherapy
29;Psychiatry;PTSD
30;Psychiatry;Schizophrenia
31;Psychiatry;Schizophrenia first episode
32;Psychiatry;Schizophrenia substance abuse
33;Psychiatry;Somatic symptom disorder
34;Psychiatry;Substance use
35;Psychiatry;Tardive dyskinesia
36;Psychiatry;Voluntary admission
